Invoice No,Supplier,Invoice Date,Amount,Currency,PO Number
MPP-2025-0001,Metro Print & Pack,03/01/2025,13138.21,INR,PO-MPP-001
BPL-2025-0001,Bluepeak Logistics Pvt Ltd,03/01/2025,47174.95,INR,PO-BPL-001
SFM-2025-0001,Sunrise Facility Management LLC,06/01/2025,3069.48,USD,PO-SFM-001
SFM-2025-0002,Sunrise Facility Management LLC,07/01/2025,2345.35,USD,PO-SFM-001
GLC-2025-0001,Greenleaf Catering Services,08/01/2025,11182.99,INR,PO-GLC-001
OIT-2025-0001,Orbit IT Solutions GmbH,08/01/2025,1150.01,EUR,PO-OIT-001
GLC-2025-0002,Greenleaf Catering Services,11/01/2025,10501.36,INR,PO-GLC-001
AIP-2025-0001,Apex Industrial Parts Inc,15/01/2025,3271.14,USD,PO-AIP-001
GLC-2025-0003,Greenleaf Catering Services,19/01/2025,9915.67,INR,PO-GLC-001
OIT-2025-0002,Orbit IT Solutions GmbH,21/01/2025,1054.61,EUR,PO-OIT-001
NWO-2025-0001,Northwind Office Supplies Ltd,30/01/2025,1709.82,INR,PO-NWO-001
NWO-2025-0002,Northwind Office Supplies Ltd,31/01/2025,1725.52,INR,PO-NWO-001
GLC-2025-0004,Greenleaf Catering Services,31/01/2025,11323.59,INR,PO-GLC-001
GLC-2025-0005,Greenleaf Catering Services,01/02/2025,8237.03,INR,PO-GLC-001
AIP-2025-0002,Apex Industrial Parts Inc,02/02/2025,2762.72,USD,PO-AIP-001
NWO-2025-0003,Northwind Office Supplies Ltd,03/02/2025,1918.73,INR,PO-NWO-001
HCC-2025-0001,Harbor Cleaning Co,05/02/2025,31021.35,INR,PO-HCC-001
GLC-2025-0006,Greenleaf Catering Services,05/02/2025,8797.98,INR,PO-GLC-002
MPP-2025-0002,Metro Print & Pack,07/02/2025,12601.73,INR,PO-MPP-001
GLC-2025-0007,Greenleaf Catering Services,10/02/2025,8500.31,INR,PO-GLC-002
OIT-2025-0003,Orbit IT Solutions GmbH,11/02/2025,1194.52,EUR,PO-OIT-001
AIP-2025-0003,Apex Industrial Parts Inc,12/02/2025,2715.49,USD,PO-AIP-001
GLC-2025-0008,Greenleaf Catering Services,13/02/2025,9065.85,INR,PO-GLC-002
NWO-2025-0004,Northwind Office Supplies Ltd,15/02/2025,1880.69,INR,PO-NWO-001
SFM-2025-0003,Sunrise Facility Management LLC,17/02/2025,2760.13,USD,PO-SFM-001
MPP-2025-0003,Metro Print & Pack,19/02/2025,13842.53,INR,PO-MPP-001
MPP-2025-0004,Metro Print & Pack,21/02/2025,11337.66,INR,PO-MPP-001
SFM-2025-0004,Sunrise Facility Management LLC,21/02/2025,2594.78,USD,PO-SFM-001
AIP-2025-0004,Apex Industrial Parts Inc,23/02/2025,3901.11,USD,PO-AIP-001
GLC-2025-0009,Greenleaf Catering Services,23/02/2025,8053.36,INR,PO-GLC-002
OIT-2025-0004,Orbit IT Solutions GmbH,24/02/2025,1136.65,EUR,PO-OIT-001
GLC-2025-0010,Greenleaf Catering Services,25/02/2025,10252.38,INR,PO-GLC-002
GLC-2025-0010,Greenleaf Catering Services,25/02/2025,10252.38,INR,PO-GLC-002
OIT-2025-0005,Orbit IT Solutions GmbH,25/02/2025,1478.37,EUR,PO-OIT-001
GLC-2025-0011,Greenleaf Catering Services,28/02/2025,9250.01,INR,PO-GLC-002
MPP-2025-0005,Metro Print & Pack,01/03/2025,11740.12,INR,PO-MPP-001
SFM-2025-0005,Sunrise Facility Management LLC,04/03/2025,2643.97,USD,PO-SFM-001
OIT-2025-0006,Orbit IT Solutions GmbH,05/03/2025,1388.97,EUR,PO-OIT-002
MPP-2025-0006,Metro Print & Pack,07/03/2025,18075.67,INR,PO-MPP-002
NWO-2025-0005,Northwind Office Supplies Ltd,08/03/2025,1891.39,INR,PO-NWO-001
NWO-2025-0006,Northwind Office Supplies Ltd,12/03/2025,1895.5,INR,PO-NWO-002
OIT-2025-0007,Orbit IT Solutions GmbH,12/03/2025,1204.5,EUR,PO-OIT-002
BPL-2025-0002,Bluepeak Logistics Pvt Ltd,13/03/2025,34319.9,INR,PO-BPL-001
GLC-2025-0012,Greenleaf Catering Services,15/03/2025,7962.91,INR,PO-GLC-003
AIP-2025-0005,Apex Industrial Parts Inc,22/03/2025,3935.31,USD,PO-AIP-001
SFM-2025-0006,Sunrise Facility Management LLC,24/03/2025,3101.64,USD,PO-SFM-002
GLC-2025-0013,Greenleaf Catering Services,27/03/2025,8410.01,INR,PO-GLC-003
HCC-2025-0002,Harbor Cleaning Co,28/03/2025,19107.82,INR,PO-HCC-001
GLC-2025-0014,Greenleaf Catering Services,31/03/2025,9864.21,INR,PO-GLC-003
GLC-2025-0015,Greenleaf Catering Services,05/04/2025,10505.16,INR,PO-GLC-003
SFM-2025-0007,Sunrise Facility Management LLC,12/04/2025,2933.44,USD,PO-SFM-002
BPL-2025-0003,Bluepeak Logistics Pvt Ltd,12/04/2025,40345.64,INR,PO-BPL-001
OIT-2025-0008,Orbit IT Solutions GmbH,12/04/2025,1049.38,EUR,PO-OIT-002
GLC-2025-0016,Greenleaf Catering Services,18/04/2025,12072.13,INR,PO-GLC-003
GLC-2025-0017,Greenleaf Catering Services,23/04/2025,13476.61,INR,PO-GLC-003
HCC-2025-0003,Harbor Cleaning Co,27/04/2025,25271.43,INR,PO-HCC-001
GLC-2025-0018,Greenleaf Catering Services,05/05/2025,9984.37,INR,PO-GLC-004
GLC-2025-0019,Greenleaf Catering Services,11/05/2025,8436.33,INR,PO-GLC-004
GLC-2025-0020,Greenleaf Catering Services,15/05/2025,7355.48,INR,PO-GLC-004
NWO-2025-0007,Northwind Office Supplies Ltd,15/05/2025,2327.48,INR,PO-NWO-002
GLC-2025-0021,Greenleaf Catering Services,16/05/2025,9810.15,INR,PO-GLC-004
GLC-2025-0022,Greenleaf Catering Services,19/05/2025,8617.02,INR,PO-GLC-004
GLC-2025-0023,Greenleaf Catering Services,20/05/2025,9038.1,INR,PO-GLC-004
MPP-2025-0007,Metro Print & Pack,30/05/2025,11995.92,INR,PO-MPP-002
NWO-2025-0008,Northwind Office Supplies Ltd,30/05/2025,1714.32,INR,PO-NWO-002
NWO-2025-0009,Northwind Office Supplies Ltd,01/06/2025,1692.69,INR,PO-NWO-002
SFM-2025-0008,Sunrise Facility Management LLC,04/06/2025,3228.73,USD,PO-SFM-002
MPP-2025-0008,Metro Print & Pack,07/06/2025,12273.51,INR,PO-MPP-002
GLC-2025-0024,Greenleaf Catering Services,07/06/2025,8827.22,INR,PO-GLC-005
GLC-2025-0025,Greenleaf Catering Services,08/06/2025,9340.85,INR,PO-GLC-005
NWO-2025-0010,Northwind Office Supplies Ltd,12/06/2025,1632.53,INR,PO-NWO-002
OIT-2025-0009,Orbit IT Solutions GmbH,13/06/2025,1006.29,EUR,PO-OIT-002
GLC-2025-0026,Greenleaf Catering Services,14/06/2025,10796.36,INR,PO-GLC-005
AIP-2025-0006,Apex Industrial Parts Inc,21/06/2025,3131.8,USD,PO-AIP-002
BPL-2025-0004,Bluepeak Logistics Pvt Ltd,21/06/2025,42828.34,INR,PO-BPL-001
GLC-2025-0027,Greenleaf Catering Services,23/06/2025,9680.73,INR,PO-GLC-005
GLC-2025-0028,Greenleaf Catering Services,24/06/2025,9320.87,INR,PO-GLC-005
SFM-2025-0009,Sunrise Facility Management LLC,26/06/2025,2699.48,USD,PO-SFM-002
SFM-2025-0010,Sunrise Facility Management LLC,27/06/2025,2529.67,USD,PO-SFM-002
HCC-2025-0004,Harbor Cleaning Co,28/06/2025,26556.59,INR,PO-HCC-001
GLC-2025-0029,Greenleaf Catering Services,01/07/2025,8389.77,INR,PO-GLC-005
NWO-2025-0011,Northwind Office Supplies Ltd,01/07/2025,1938.09,INR,PO-NWO-002
NWO-2025-0012,NORTHWIND OFFICE SUPPLIES,03/07/2025,2061.15,INR,PO-NWO-003
NWO-2025-0012,Northwind Office Supplies Ltd,03/07/2025,2061.15,INR,PO-NWO-003
NWO-2025-0013,Northwind Office Supplies Ltd,05/07/2025,1775.55,INR,PO-NWO-003
AIP-2025-0007,Apex Industrial Parts Inc,08/07/2025,3056.19,USD,PO-AIP-002
OIT-2025-0010,Orbit IT Solutions GmbH,14/07/2025,1326.71,EUR,PO-OIT-002
OIT-2025-0011,Orbit IT Solutions GmbH,25/07/2025,1186.84,EUR,PO-OIT-002
HCC-2025-0005,Harbor Cleaning Co,31/07/2025,26940.1,INR,PO-HCC-001
GLC-2025-0030,Greenleaf Catering Services,02/08/2025,7770.46,INR,PO-GLC-006
MPP-2025-0090,Metro Print & Pack,03/08/2025,92500.0,INR,PO-MPP-002
MPP-2025-0009,Metro Print & Pack,03/08/2025,17452.57,INR,PO-MPP-002
GLC-2025-0031,Greenleaf Catering Services,07/08/2025,8961.48,INR,PO-GLC-006
MPP-2025-0010,Metro Print & Pack,10/08/2025,19839.31,INR,PO-MPP-002
NWO-2025-0014,Northwind Office Supplies Ltd,14/08/2025,1627.37,INR,PO-NWO-003
GLC-2025-0032,Greenleaf Catering Services,15/08/2025,9438.89,INR,PO-GLC-006
GLC-2025-0033,Greenleaf Catering Services,27/08/2025,11745.19,INR,PO-GLC-006
BPL-2025-0005,Bluepeak Logistics Pvt Ltd,29/08/2025,45060.96,INR,PO-BPL-001
BPL20250005,Bluepeak Logistics Pvt Ltd,31/08/2025,45060.96,INR,PO-BPL-001
NWO-2025-0015,Northwind Office Supplies Ltd,01/09/2025,1630.44,INR,PO-NWO-003
HCC-2025-0006,Harbor Cleaning Co,02/09/2025,24865.14,INR,PO-HCC-002
GLC-2025-0034,Greenleaf Catering Services,02/09/2025,9649.68,INR,PO-GLC-006
GLC-2025-0035,Greenleaf Catering Services,04/09/2025,10689.06,INR,PO-GLC-006
SFM-2025-0011,Sunrise Facility Management LLC,05/09/2025,2677.11,USD,PO-SFM-002
MPP-2025-0011,Metro Print & Pack,13/09/2025,12163.86,INR,PO-MPP-002
NWO-2025-0016,Northwind Office Supplies Ltd,13/09/2025,1946.16,INR,PO-NWO-003
OIT-2025-0012,Orbit IT Solutions GmbH,14/09/2025,1218.21,EUR,PO-OIT-003
BPL-2025-0006,Bluepeak Logistics Pvt Ltd,14/09/2025,45742.0,INR,PO-BPL-002
GLC-2025-0036,Greenleaf Catering Services,14/09/2025,8947.52,INR,PO-GLC-007
GLC-2025-0037,Greenleaf Catering Services,17/09/2025,8240.81,INR,PO-GLC-007
NWO-2025-0017,Northwind Office Supplies Ltd,18/09/2025,1967.92,INR,PO-NWO-003
GLC-2025-0038,Greenleaf Catering Services,20/09/2025,8461.09,INR,PO-GLC-007
NWO-2025-0018,Northwind Office Supplies Ltd,23/09/2025,1921.23,INR,PO-NWO-004
MPP-2025-0012,Metro Print & Pack,23/09/2025,13394.81,INR,PO-MPP-003
MPP-2025-0013,Metro Print & Pack,26/09/2025,14585.73,INR,PO-MPP-003
AIP-2025-0008,Apex Industrial Parts Inc,26/09/2025,3813.41,USD,PO-AIP-002
NWO-2025-0019,Northwind Office Supplies Ltd,28/09/2025,1661.84,INR,PO-NWO-004
GLC-2025-0039,Greenleaf Catering Services,29/09/2025,8708.2,INR,PO-GLC-007
GLC-2025-0040,Greenleaf Catering Services,30/09/2025,12264.49,INR,PO-GLC-007
MPP-2025-0014,Metro Print & Pack,07/10/2025,17227.4,INR,PO-MPP-003
NWO-2025-0020,Northwind Office Supplies Ltd,08/10/2025,1850.85,INR,PO-NWO-004
BPL-2025-0007,Bluepeak Logistics Pvt Ltd,09/10/2025,46194.99,INR,PO-BPL-002
BPL-2025-0008,Bluepeak Logistics Pvt Ltd,11/10/2025,40278.69,INR,PO-BPL-002
BPL-2025-0009,Bluepeak Logistics Pvt Ltd,14/10/2025,39733.21,INR,PO-BPL-002
HCC-2025-0007,Harbor Cleaning Co,15/10/2025,21058.2,INR,PO-HCC-002
BPL-2025-0010,Bluepeak Logistics Pvt Ltd,15/10/2025,46554.64,INR,PO-BPL-002
HCC-2025-0008,Harbor Cleaning Co,19/10/2025,27043.75,INR,PO-HCC-002
MPP-2025-0015,Metro Print & Pack,20/10/2025,12436.48,INR,PO-MPP-003
GLC-2025-0041,Greenleaf Catering Services,21/10/2025,8608.29,INR,PO-GLC-007
MPP-2025-0016,Metro Print & Pack,23/10/2025,13593.94,INR,PO-MPP-003
BPL-2025-0011,Bluepeak Logistics Pvt Ltd,23/10/2025,41046.81,INR,PO-BPL-002
NWO-2025-0021,Northwind Office Supplies Ltd,25/10/2025,1825.38,INR,PO-NWO-004
HCC-2025-0009,Harbor Cleaning Co,26/10/2025,31988.57,INR,PO-HCC-002
HCC-2025-0010,Harbor Cleaning Co,29/10/2025,21628.96,INR,PO-HCC-002
NWO-2025-0022,Northwind Office Supplies Ltd,30/10/2025,1847.86,INR,PO-NWO-004
AIP-2025-0009,Apex Industrial Parts Inc,31/10/2025,2801.92,USD,PO-AIP-002
GLC-2025-0042,Greenleaf Catering Services,08/11/2025,10505.62,INR,PO-GLC-008
BPL-2025-0012,Bluepeak Logistics Pvt Ltd,13/11/2025,36038.48,INR,PO-BPL-003
AIP-2025-0010,Apex Industrial Parts Inc,14/11/2025,2874.23,USD,PO-AIP-002
AIP-2025-0011,Apex Industrial Parts Inc,17/11/2025,3456.82,USD,PO-AIP-002
AIP-2025-0012,Apex Industrial Parts Inc,20/11/2025,3052.0,USD,PO-AIP-003
HCC-2025-0011,Harbor Cleaning Co,21/11/2025,28839.79,INR,PO-HCC-002
GLC-2025-0043,Greenleaf Catering Services,23/11/2025,8524.47,INR,PO-GLC-008
SFM-2025-0012,Sunrise Facility Management LLC,01/12/2025,2831.2,USD,PO-SFM-003
MPP-2025-0017,Metro Print & Pack,04/12/2025,15368.77,INR,PO-MPP-003
NWO-2025-0023,Northwind Office Supplies Ltd,05/12/2025,1998.42,INR,PO-NWO-004
GLC-2025-0044,Greenleaf Catering Services,10/12/2025,10623.63,INR,PO-GLC-008
NWO-2025-0024,Northwind Office Supplies Ltd,11/12/2025,1848.95,INR,PO-NWO-005
GLC-2025-0045,Greenleaf Catering Services,11/12/2025,9949.14,INR,PO-GLC-008
MPP-2025-0018,Metro Print & Pack,12/12/2025,14749.8,INR,PO-MPP-004
GLC-2025-0046,Greenleaf Catering Services,14/12/2025,9323.1,INR,PO-GLC-008
GLC-2025-0047,Greenleaf Catering Services,18/12/2025,9453.64,INR,PO-GLC-008
HCC-2025-0012,Harbor Cleaning Co,21/12/2025,24994.94,INR,PO-HCC-003
GLC-2025-0048,Greenleaf Catering Services,21/12/2025,8782.12,INR,PO-GLC-009
GLC-2025-0049,Greenleaf Catering Services,23/12/2025,10022.38,INR,PO-GLC-009
GLC-2025-0050,Greenleaf Catering Services,24/12/2025,8995.22,INR,PO-GLC-009
GLC-2025-0051,Greenleaf Catering Services,26/12/2025,8200.7,INR,PO-GLC-009
GLC-2025-0052,Greenleaf Catering Services,28/12/2025,8149.36,INR,PO-GLC-009
